Estimator,V̂ (mean),Bias,Bias²,Variance,MSE,RMSE,95% CI,CI width
DM,0.003514819520059973,-0.00028518047994002685,8.132790613882406e-08,2.42590714754126e-11,8.135204391494217e-08,0.00028522279697622727,"[0.0035, 0.0035]",1.81427341885863e-05
IPS,0.004384858706563711,0.0005848587065637114,3.420597066433774e-07,4.2553555638733023e-07,7.654675852487709e-07,0.0008749100440895457,"[0.0033, 0.0057]",0.0023680406858026986
SNIPS,0.004148324560459664,0.00034832456045966404,1.2132999941941814e-07,3.8110786491162893e-07,5.005323250064887e-07,0.0007074830916753337,"[0.0031, 0.0054]",0.0022510404475284793
